﻿User Story,Type,Status,Branch,Chores,Complete?,Epics,Git Command,Priority,Pull Request,Release,Sprint Date,Sprints
Card that displays a trivia question with multiple choice AND true/false questions,User Story,Complete,Feature/Displays-trivia-questions,"Create a header component (../Chores%200876839b87014775ae26bfdff39a44d2/Create%20a%20header%20component%20a05b04de029f43e29d3eeb22c79285f4.md), Display the fetched question and answer options. (../Chores%200876839b87014775ae26bfdff39a44d2/Display%20the%20fetched%20question%20and%20answer%20options%205dc6509e79aa44fca02e69bc8bacf811.md), Design the Trivia Card Component (../Chores%200876839b87014775ae26bfdff39a44d2/Design%20the%20Trivia%20Card%20Component%20a50757e23b2b4b4ea2b21ee0d5238553.md), Handle True/False Questions (../Chores%200876839b87014775ae26bfdff39a44d2/Handle%20True%20False%20Questions%20244a710beae2450c8e455f0fd5a0ba94.md), User Interaction with the Trivia Card (../Chores%200876839b87014775ae26bfdff39a44d2/User%20Interaction%20with%20the%20Trivia%20Card%208c745ae01bce444a85a0204b1f64bfb2.md), Style Trivia Card for Readability (../Chores%200876839b87014775ae26bfdff39a44d2/Style%20Trivia%20Card%20for%20Readability%2092588a19f2684402b035c77fb1093fbc.md), Integrate API Data with Card Component (../Chores%200876839b87014775ae26bfdff39a44d2/Integrate%20API%20Data%20with%20Card%20Component%205af4f13e75fa4e359cc9d76934621f3c.md), Test Trivia Card Component (../Chores%200876839b87014775ae26bfdff39a44d2/Test%20Trivia%20Card%20Component%20b6ef2645f8dc4b9cb17f99dacdb51876.md), Handle Loading and Error States (../Chores%200876839b87014775ae26bfdff39a44d2/Handle%20Loading%20and%20Error%20States%2082c60605359a46638f162e5e704c78aa.md)",Complete,Quiz Interface (../Epics%20e351f1565b2c4549b3207d8dc73bbd89/Quiz%20Interface%20424bba3a62374bfca7ab33aaf3f4cfc2.md),git checkout -bFeature/Displays-trivia-questions,Done,,v1.0.2 (../Releases%2050d534704c36461da0ba04f29fede9c2/v1%200%202%208331f1c3a3b74ac8a0e332fc35a2e1ef.md),,
"Header item that includes the name of the app, and tabs",User Story,Complete,,Create a header component (../Chores%200876839b87014775ae26bfdff39a44d2/Create%20a%20header%20component%20a05b04de029f43e29d3eeb22c79285f4.md),Complete,Quiz Interface (../Epics%20e351f1565b2c4549b3207d8dc73bbd89/Quiz%20Interface%20424bba3a62374bfca7ab33aaf3f4cfc2.md),git checkout -b,Done,,v1.0.2 (../Releases%2050d534704c36461da0ba04f29fede9c2/v1%200%202%208331f1c3a3b74ac8a0e332fc35a2e1ef.md),,
Place element that displays which question number the user is on and the total number of questions,User Story,Ready for Development,,"Design the Trivia Card Component (../Chores%200876839b87014775ae26bfdff39a44d2/Design%20the%20Trivia%20Card%20Component%20a50757e23b2b4b4ea2b21ee0d5238553.md), Display the user's place as Question 1 / 10. (../Chores%200876839b87014775ae26bfdff39a44d2/Display%20the%20user's%20place%20as%20Question%201%2010%20b341c2ac526d43718c8e34b7bda36d4a.md), Develop logic to prevent repeat questions unless progress is cleared (../Chores%200876839b87014775ae26bfdff39a44d2/Develop%20logic%20to%20prevent%20repeat%20questions%20unless%20p%20521540e5a5b5472bb7537106cad268de.md), Implement a mechanism for tracking the user's progress. (../Chores%200876839b87014775ae26bfdff39a44d2/Implement%20a%20mechanism%20for%20tracking%20the%20user's%20prog%2060dc8bd87e644a8da03bdd4bf33a15ba.md)",Incomplete,Quiz Interface (../Epics%20e351f1565b2c4549b3207d8dc73bbd89/Quiz%20Interface%20424bba3a62374bfca7ab33aaf3f4cfc2.md),git checkout -b,P1,,,"December 29, 2023 → January 5, 2024",Sprint 1<< (Sprint%201%2064ad3606d2e84bacb5277fad5a2f6372.md)
Display buttons for advancing to the next question once the current question has been answered,User Story,Complete,,"Ensure buttons are visibly disabled when not applicable. (../Chores%200876839b87014775ae26bfdff39a44d2/Ensure%20buttons%20are%20visibly%20disabled%20when%20not%20appli%2017c801f9c0014ef3a1df4ac74df08283.md), Display the user's place as Question 1 / 10. (../Chores%200876839b87014775ae26bfdff39a44d2/Display%20the%20user's%20place%20as%20Question%201%2010%20b341c2ac526d43718c8e34b7bda36d4a.md)",Complete,Quiz Interface (../Epics%20e351f1565b2c4549b3207d8dc73bbd89/Quiz%20Interface%20424bba3a62374bfca7ab33aaf3f4cfc2.md),git checkout -b,Done,,v1.0.2 (../Releases%2050d534704c36461da0ba04f29fede9c2/v1%200%202%208331f1c3a3b74ac8a0e332fc35a2e1ef.md),,
Display a message to the user that informs them if their answer was right or wrong,User Story,In Review,,"Display a message indicating whether the user's answer was right or wrong (../Chores%200876839b87014775ae26bfdff39a44d2/Display%20a%20message%20indicating%20whether%20the%20user's%20an%20d0c4b31b3948477789c928e93932db34.md), Style the message for clarity and visibility. (../Chores%200876839b87014775ae26bfdff39a44d2/Style%20the%20message%20for%20clarity%20and%20visibility%20b5653bf90a024984bc519dfe694fc00e.md)",Incomplete,Quiz Interface (../Epics%20e351f1565b2c4549b3207d8dc73bbd89/Quiz%20Interface%20424bba3a62374bfca7ab33aaf3f4cfc2.md),git checkout -b,P1,,,"January 8, 2024 → January 13, 2024",Sprint 2 (Sprint%202%206493716a8ec5419d9465eb30026ee8e0.md)
"Display a clear message to the user when the trivia session is done, and include the user's score",User Story,In Review,,"Display a completion message. (../Chores%200876839b87014775ae26bfdff39a44d2/Display%20a%20completion%20message%206bcfa7ec9fac4a15bb4b98f9c6a5e80d.md), Show the user's score in the completion message. (../Chores%200876839b87014775ae26bfdff39a44d2/Show%20the%20user's%20score%20in%20the%20completion%20message%20059a41678dfe4edfbf339f0212263415.md)",Incomplete,Styling (../Epics%20e351f1565b2c4549b3207d8dc73bbd89/Styling%2024121aa416ea432c867110868c74cd85.md),git checkout -b,P2,,,"January 8, 2024 → January 13, 2024",Sprint 2 (Sprint%202%206493716a8ec5419d9465eb30026ee8e0.md)
Styles should be reminiscent of the demo versions.,User Story,Ready for Release,,"Analyze Demo Versions for Styling Cues (../Chores%200876839b87014775ae26bfdff39a44d2/Analyze%20Demo%20Versions%20for%20Styling%20Cues%206b0c373509644258a780aefc2936303e.md), Create a Style Guide (../Chores%200876839b87014775ae26bfdff39a44d2/Create%20a%20Style%20Guide%2022f46cf649de4aa5a4fe53388f4d5cc9.md), Apply Styles to App Components (../Chores%200876839b87014775ae26bfdff39a44d2/Apply%20Styles%20to%20App%20Components%205de10ac48b6942fd83497065e8ef2373.md), Responsive Design Implementation (../Chores%200876839b87014775ae26bfdff39a44d2/Responsive%20Design%20Implementation%204becf0cf497e4f6494e44c1a1a0b92a7.md)",Incomplete,Styling (../Epics%20e351f1565b2c4549b3207d8dc73bbd89/Styling%2024121aa416ea432c867110868c74cd85.md),git checkout -b,P2,,v1.0.3 (../Releases%2050d534704c36461da0ba04f29fede9c2/v1%200%203%2064f4618175e845449a6d930a3fe420c2.md),"January 22, 2024 → February 2, 2024",Sprint 3 (Sprint%203%20f80b67df90184bb8be29262047b699ce.md)
The quiz should span all questions in the question API,User Story,In Review,,"Ensure the app fetches all questions from the provided API (../Chores%200876839b87014775ae26bfdff39a44d2/Ensure%20the%20app%20fetches%20all%20questions%20from%20the%20prov%208d9c31b6e58c43138904015030efa47d.md), Implement logic to iterate through all questions without reloading the page (../Chores%200876839b87014775ae26bfdff39a44d2/Implement%20logic%20to%20iterate%20through%20all%20questions%20w%20994e2533d82d41798ff1701d8244de30.md)",Incomplete,Functionality (../Epics%20e351f1565b2c4549b3207d8dc73bbd89/Functionality%20c53557b2617b496d937728a8fcd3e095.md),git checkout -b,P3,,,"January 22, 2024 → February 2, 2024",Sprint 3 (Sprint%203%20f80b67df90184bb8be29262047b699ce.md)
"The api is static and does not take in parameters or require a key, simply make your fetch to the above address",User Story,In Progress,,Verify Static Nature (../Chores%200876839b87014775ae26bfdff39a44d2/Verify%20Static%20Nature%2007f48f3515d94a2db1e3b17b17bf135d.md),Incomplete,Functionality (../Epics%20e351f1565b2c4549b3207d8dc73bbd89/Functionality%20c53557b2617b496d937728a8fcd3e095.md),git checkout -b,P3,,,"February 12, 2024 → February 16, 2024",Sprint 4  (Sprint%204%2032435c49e0014b72b2d9b8c1593ce13b.md)
Include a way to sort questions by subject so that a user can answer questions specific to the subject of their choosing,User Story,In Progress,,"Investigate API response for subject information (../Chores%200876839b87014775ae26bfdff39a44d2/Investigate%20API%20response%20for%20subject%20information%208748144453334967a14a5bbe0624a891.md), Implement sorting functionality based on subject. (../Chores%200876839b87014775ae26bfdff39a44d2/Implement%20sorting%20functionality%20based%20on%20subject%20f56e79fd59ba486aa3ccc9102a0449b7.md)",Incomplete,Functionality (../Epics%20e351f1565b2c4549b3207d8dc73bbd89/Functionality%20c53557b2617b496d937728a8fcd3e095.md),git checkout -b,P3,,,"February 12, 2024 → February 16, 2024",Sprint 4  (Sprint%204%2032435c49e0014b72b2d9b8c1593ce13b.md)
Track a user through sessions using some kind of backend persistence,User Story,Ready for Development,,"Implement backend persistence for user progress (../Chores%200876839b87014775ae26bfdff39a44d2/Implement%20backend%20persistence%20for%20user%20progress%20a4c91c26266a42ab80a6a740f87e0d72.md), Develop logic to prevent repeat questions unless progress is cleared (../Chores%200876839b87014775ae26bfdff39a44d2/Develop%20logic%20to%20prevent%20repeat%20questions%20unless%20p%20521540e5a5b5472bb7537106cad268de.md)",Incomplete,Functionality (../Epics%20e351f1565b2c4549b3207d8dc73bbd89/Functionality%20c53557b2617b496d937728a8fcd3e095.md),git checkout -b,P3,,,"February 12, 2024 → February 16, 2024",Sprint 4  (Sprint%204%2032435c49e0014b72b2d9b8c1593ce13b.md)
Load the first question and display the user's place as Question 1 / 10,User Story,Ready for Development,,"Ensure the first question is loaded on page load (../Chores%200876839b87014775ae26bfdff39a44d2/Ensure%20the%20first%20question%20is%20loaded%20on%20page%20load%207d7c3a1a729c48c088ffa71328402a39.md), Display the user's place as Question 1 / 10. (../Chores%200876839b87014775ae26bfdff39a44d2/Display%20the%20user's%20place%20as%20Question%201%2010%20b341c2ac526d43718c8e34b7bda36d4a.md)",Incomplete,Functionality (../Epics%20e351f1565b2c4549b3207d8dc73bbd89/Functionality%20c53557b2617b496d937728a8fcd3e095.md),git checkout -b,P3,,,"February 21, 2024 → February 28, 2024",Sprint 5 (Sprint%205%20f16c1c2b402e402ba7440055f707b9d0.md)
Style the app so that it doesn't overflow the viewport (require scrolling) on any device,User Story,Requirements,,"Analyze the existing styles and identify potential causes of overflow. (../Chores%200876839b87014775ae26bfdff39a44d2/Analyze%20the%20existing%20styles%20and%20identify%20potential%2059d3991997854e149826bb3c179f27d2.md), Implement responsive design techniques to ensure no overflow on any device. (../Chores%200876839b87014775ae26bfdff39a44d2/Implement%20responsive%20design%20techniques%20to%20ensure%20n%2079c46b9ec2114761be65e12245bbe964.md), Test the app on various devices to validate the responsive design. (../Chores%200876839b87014775ae26bfdff39a44d2/Test%20the%20app%20on%20various%20devices%20to%20validate%20the%20re%205ff5a3a9148d43b790be447f03bcd724.md)",Incomplete,Considerations (../Epics%20e351f1565b2c4549b3207d8dc73bbd89/Considerations%20ec4016d4f22947cd9d0e597323a56d97.md),git checkout -b,P4,,,"February 21, 2024 → February 28, 2024",Sprint 5 (Sprint%205%20f16c1c2b402e402ba7440055f707b9d0.md)
Make sure your User Experience design is intuitive,User Story,Requirements,,"Conduct a usability analysis of the current design. (../Chores%200876839b87014775ae26bfdff39a44d2/Conduct%20a%20usability%20analysis%20of%20the%20current%20design%20fad6129771814a06b8877907d8349aaf.md), Implement clear and concise messages for user interactions. (../Chores%200876839b87014775ae26bfdff39a44d2/Implement%20clear%20and%20concise%20messages%20for%20user%20inte%202e6fb8ee93bd462daba9d721c4c4f078.md), Ensure buttons are visibly disabled when not applicable. (../Chores%200876839b87014775ae26bfdff39a44d2/Ensure%20buttons%20are%20visibly%20disabled%20when%20not%20appli%2017c801f9c0014ef3a1df4ac74df08283.md)",Incomplete,Considerations (../Epics%20e351f1565b2c4549b3207d8dc73bbd89/Considerations%20ec4016d4f22947cd9d0e597323a56d97.md),git checkout -b,P4,,,"March 4, 2024 → March 8, 2024",Sprint 6 (Sprint%206%2066b98543b55847cabad4d1ae4a4f80ff.md)
"In the name of responsiveness: please try and have your answer buttons (or divs, or whatever you use) collapse into a column in small sizes (iPhone5, etc)",User Story,Triage,,"Identify the breakpoint for small-sized devices (e.g., iPhone5) (../Chores%200876839b87014775ae26bfdff39a44d2/Identify%20the%20breakpoint%20for%20small-sized%20devices%20(e%2086d8b5e7bf124d4e9b094190901ba234.md), Implement a responsive design for answer buttons to switch to a column layout on small devices. (../Chores%200876839b87014775ae26bfdff39a44d2/Implement%20a%20responsive%20design%20for%20answer%20buttons%20t%20b8eeee2001324dc99f032bce39ad5368.md), Test the responsiveness on small devices to ensure a smooth user experience. (../Chores%200876839b87014775ae26bfdff39a44d2/Test%20the%20responsiveness%20on%20small%20devices%20to%20ensure%20265ce50165d64e4990219cd0e30df72a.md)",Incomplete,"Other/Extras (../Epics%20e351f1565b2c4549b3207d8dc73bbd89/Other%20Extras%20b12dced4b62c4e9e9c3e97fcc475be8e.md), Considerations (../Epics%20e351f1565b2c4549b3207d8dc73bbd89/Considerations%20ec4016d4f22947cd9d0e597323a56d97.md)",git checkout -b,P5,,,"March 4, 2024 → March 8, 2024",Sprint 6 (Sprint%206%2066b98543b55847cabad4d1ae4a4f80ff.md)
Offer the user the ability to navigate to previous questions,User Story,Idea,,"Develop functionality for navigating back to previous questions. (../Chores%200876839b87014775ae26bfdff39a44d2/Develop%20functionality%20for%20navigating%20back%20to%20previ%2077db76fbc78d4b9399d95d2f552be546.md), Ensure the user can review and potentially change previous answers (../Chores%200876839b87014775ae26bfdff39a44d2/Ensure%20the%20user%20can%20review%20and%20potentially%20change%20%20baa1ae0211914016ba07ef66a5559ee0.md), Implement a mechanism for tracking the user's progress. (../Chores%200876839b87014775ae26bfdff39a44d2/Implement%20a%20mechanism%20for%20tracking%20the%20user's%20prog%2060dc8bd87e644a8da03bdd4bf33a15ba.md)",Incomplete,"Other/Extras (../Epics%20e351f1565b2c4549b3207d8dc73bbd89/Other%20Extras%20b12dced4b62c4e9e9c3e97fcc475be8e.md), Considerations (../Epics%20e351f1565b2c4549b3207d8dc73bbd89/Considerations%20ec4016d4f22947cd9d0e597323a56d97.md)",git checkout -b,P6,,,"March 12, 2024 → March 20, 2024",Sprint 7 (Sprint%207%20c04d105eb802485388ec07ba444fcc2e.md)
"Play with formats for user interaction: drag 'n drop vs. click, etc.",User Story,Idea,,"Research and identify different interaction formats. (../Chores%200876839b87014775ae26bfdff39a44d2/Research%20and%20identify%20different%20interaction%20format%20d8953b467f1b407ba19717ef4f99d896.md), Implement multiple interaction formats (e.g., drag 'n drop, click) as options (../Chores%200876839b87014775ae26bfdff39a44d2/Implement%20multiple%20interaction%20formats%20(e%20g%20,%20drag%20778ef009c2a24e4891516cc87b7d10e3.md), Test the app with different interaction formats to gather user feedback. (../Chores%200876839b87014775ae26bfdff39a44d2/Test%20the%20app%20with%20different%20interaction%20formats%20to%205fcb15de99564559926c476960946e20.md)",Incomplete,Other/Extras (../Epics%20e351f1565b2c4549b3207d8dc73bbd89/Other%20Extras%20b12dced4b62c4e9e9c3e97fcc475be8e.md),git checkout -b,P7,,,"March 12, 2024 → March 20, 2024",Sprint 7 (Sprint%207%20c04d105eb802485388ec07ba444fcc2e.md)