﻿Name,Priority,Sprints,Assignee,Sprint Dates,All User Stories,Epics 1,Team
Create a header component,P1,,Joe Taylor,,"Card that displays a trivia question with multiple choice AND true/false questions (Tickets%20db088820fe7744558aed42ecb8c01924/All%20User%20Stories%20ba0c981c26834983989cb3a0f8c726e2/Card%20that%20displays%20a%20trivia%20question%20with%20multiple%20fb9c4503c6504e30b33c6bf673d61070.csv), Header item that includes the name of the app, and tabs (Tickets%20db088820fe7744558aed42ecb8c01924/All%20User%20Stories%20ba0c981c26834983989cb3a0f8c726e2/Header%20item%20that%20includes%20the%20name%20of%20the%20app,%20and%20c8d31d27349f4dffbe0658e69ed69163.csv)",Quiz Interface (Epics%20e351f1565b2c4549b3207d8dc73bbd89/Quiz%20Interface%20424bba3a62374bfca7ab33aaf3f4cfc2.csv),Design
Display the fetched question and answer options.,P2,,Joe Taylor,,Card that displays a trivia question with multiple choice AND true/false questions (Tickets%20db088820fe7744558aed42ecb8c01924/All%20User%20Stories%20ba0c981c26834983989cb3a0f8c726e2/Card%20that%20displays%20a%20trivia%20question%20with%20multiple%20fb9c4503c6504e30b33c6bf673d61070.csv),Quiz Interface (Epics%20e351f1565b2c4549b3207d8dc73bbd89/Quiz%20Interface%20424bba3a62374bfca7ab33aaf3f4cfc2.csv),Design
Design the Trivia Card Component,P2,Sprint 1<< (Sprints%2024c5eea0891c42408474cbae47faf465/Sprint%201%2064ad3606d2e84bacb5277fad5a2f6372.csv),,"December 29, 2023 → January 5, 2024","Card that displays a trivia question with multiple choice AND true/false questions (Tickets%20db088820fe7744558aed42ecb8c01924/All%20User%20Stories%20ba0c981c26834983989cb3a0f8c726e2/Card%20that%20displays%20a%20trivia%20question%20with%20multiple%20fb9c4503c6504e30b33c6bf673d61070.csv), Place element that displays which question number the user is on and the total number of questions (Tickets%20db088820fe7744558aed42ecb8c01924/All%20User%20Stories%20ba0c981c26834983989cb3a0f8c726e2/Place%20element%20that%20displays%20which%20question%20number%20%2002e2c3a470bd496999246e74c04c1907.csv)",Functionality (Epics%20e351f1565b2c4549b3207d8dc73bbd89/Functionality%20c53557b2617b496d937728a8fcd3e095.csv),DevOps
Integrate API Data with Card Component,P3,,,,Card that displays a trivia question with multiple choice AND true/false questions (Tickets%20db088820fe7744558aed42ecb8c01924/All%20User%20Stories%20ba0c981c26834983989cb3a0f8c726e2/Card%20that%20displays%20a%20trivia%20question%20with%20multiple%20fb9c4503c6504e30b33c6bf673d61070.csv),Functionality (Epics%20e351f1565b2c4549b3207d8dc73bbd89/Functionality%20c53557b2617b496d937728a8fcd3e095.csv),DevOps
Handle True/False Questions,P3,,,,Card that displays a trivia question with multiple choice AND true/false questions (Tickets%20db088820fe7744558aed42ecb8c01924/All%20User%20Stories%20ba0c981c26834983989cb3a0f8c726e2/Card%20that%20displays%20a%20trivia%20question%20with%20multiple%20fb9c4503c6504e30b33c6bf673d61070.csv),Functionality (Epics%20e351f1565b2c4549b3207d8dc73bbd89/Functionality%20c53557b2617b496d937728a8fcd3e095.csv),DevOps
User Interaction with the Trivia Card,P3,,,,Card that displays a trivia question with multiple choice AND true/false questions (Tickets%20db088820fe7744558aed42ecb8c01924/All%20User%20Stories%20ba0c981c26834983989cb3a0f8c726e2/Card%20that%20displays%20a%20trivia%20question%20with%20multiple%20fb9c4503c6504e30b33c6bf673d61070.csv),Functionality (Epics%20e351f1565b2c4549b3207d8dc73bbd89/Functionality%20c53557b2617b496d937728a8fcd3e095.csv),DevOps
Style Trivia Card for Readability,P3,,,,Card that displays a trivia question with multiple choice AND true/false questions (Tickets%20db088820fe7744558aed42ecb8c01924/All%20User%20Stories%20ba0c981c26834983989cb3a0f8c726e2/Card%20that%20displays%20a%20trivia%20question%20with%20multiple%20fb9c4503c6504e30b33c6bf673d61070.csv),Functionality (Epics%20e351f1565b2c4549b3207d8dc73bbd89/Functionality%20c53557b2617b496d937728a8fcd3e095.csv),DevOps
Test Trivia Card Component,P4,,,,Card that displays a trivia question with multiple choice AND true/false questions (Tickets%20db088820fe7744558aed42ecb8c01924/All%20User%20Stories%20ba0c981c26834983989cb3a0f8c726e2/Card%20that%20displays%20a%20trivia%20question%20with%20multiple%20fb9c4503c6504e30b33c6bf673d61070.csv),Functionality (Epics%20e351f1565b2c4549b3207d8dc73bbd89/Functionality%20c53557b2617b496d937728a8fcd3e095.csv),DevOps
Handle Loading and Error States,P4,,,,Card that displays a trivia question with multiple choice AND true/false questions (Tickets%20db088820fe7744558aed42ecb8c01924/All%20User%20Stories%20ba0c981c26834983989cb3a0f8c726e2/Card%20that%20displays%20a%20trivia%20question%20with%20multiple%20fb9c4503c6504e30b33c6bf673d61070.csv),Functionality (Epics%20e351f1565b2c4549b3207d8dc73bbd89/Functionality%20c53557b2617b496d937728a8fcd3e095.csv),DevOps
Accessibility Considerations,P6,,,,,Other/Extras (Epics%20e351f1565b2c4549b3207d8dc73bbd89/Other%20Extras%20b12dced4b62c4e9e9c3e97fcc475be8e.csv),
Documentation,P5,,,,,Other/Extras (Epics%20e351f1565b2c4549b3207d8dc73bbd89/Other%20Extras%20b12dced4b62c4e9e9c3e97fcc475be8e.csv),
Display a message indicating whether the user's answer was right or wrong,,Sprint 2 (Sprints%2024c5eea0891c42408474cbae47faf465/Sprint%202%206493716a8ec5419d9465eb30026ee8e0.csv),,"January 8, 2024 → January 13, 2024",Display a message to the user that informs them if their answer was right or wrong (Tickets%20db088820fe7744558aed42ecb8c01924/All%20User%20Stories%20ba0c981c26834983989cb3a0f8c726e2/Display%20a%20message%20to%20the%20user%20that%20informs%20them%20if%20d5bac4056670491e92273c1a617211c2.csv),Quiz Interface (Epics%20e351f1565b2c4549b3207d8dc73bbd89/Quiz%20Interface%20424bba3a62374bfca7ab33aaf3f4cfc2.csv),
Style the message for clarity and visibility.,,Sprint 2 (Sprints%2024c5eea0891c42408474cbae47faf465/Sprint%202%206493716a8ec5419d9465eb30026ee8e0.csv),,"January 8, 2024 → January 13, 2024",Display a message to the user that informs them if their answer was right or wrong (Tickets%20db088820fe7744558aed42ecb8c01924/All%20User%20Stories%20ba0c981c26834983989cb3a0f8c726e2/Display%20a%20message%20to%20the%20user%20that%20informs%20them%20if%20d5bac4056670491e92273c1a617211c2.csv),Quiz Interface (Epics%20e351f1565b2c4549b3207d8dc73bbd89/Quiz%20Interface%20424bba3a62374bfca7ab33aaf3f4cfc2.csv),
Display a completion message.,,Sprint 2 (Sprints%2024c5eea0891c42408474cbae47faf465/Sprint%202%206493716a8ec5419d9465eb30026ee8e0.csv),,"January 8, 2024 → January 13, 2024","Display a clear message to the user when the trivia session is done, and include the user's score (Tickets%20db088820fe7744558aed42ecb8c01924/All%20User%20Stories%20ba0c981c26834983989cb3a0f8c726e2/Display%20a%20clear%20message%20to%20the%20user%20when%20the%20trivi%204ecf428197164db7b954a4f9be8db506.csv)",Quiz Interface (Epics%20e351f1565b2c4549b3207d8dc73bbd89/Quiz%20Interface%20424bba3a62374bfca7ab33aaf3f4cfc2.csv),
Show the user's score in the completion message.,,Sprint 2 (Sprints%2024c5eea0891c42408474cbae47faf465/Sprint%202%206493716a8ec5419d9465eb30026ee8e0.csv),,"January 8, 2024 → January 13, 2024","Display a clear message to the user when the trivia session is done, and include the user's score (Tickets%20db088820fe7744558aed42ecb8c01924/All%20User%20Stories%20ba0c981c26834983989cb3a0f8c726e2/Display%20a%20clear%20message%20to%20the%20user%20when%20the%20trivi%204ecf428197164db7b954a4f9be8db506.csv)",Quiz Interface (Epics%20e351f1565b2c4549b3207d8dc73bbd89/Quiz%20Interface%20424bba3a62374bfca7ab33aaf3f4cfc2.csv),
Analyze Demo Versions for Styling Cues,,Sprint 3 (Sprints%2024c5eea0891c42408474cbae47faf465/Sprint%203%20f80b67df90184bb8be29262047b699ce.csv),,"January 22, 2024 → February 2, 2024",Styles should be reminiscent of the demo versions. (Tickets%20db088820fe7744558aed42ecb8c01924/All%20User%20Stories%20ba0c981c26834983989cb3a0f8c726e2/Styles%20should%20be%20reminiscent%20of%20the%20demo%20versions%208762aae0e2c94e9e804a189615b8b389.csv),Styling (Epics%20e351f1565b2c4549b3207d8dc73bbd89/Styling%2024121aa416ea432c867110868c74cd85.csv),
Create a Style Guide,,Sprint 3 (Sprints%2024c5eea0891c42408474cbae47faf465/Sprint%203%20f80b67df90184bb8be29262047b699ce.csv),,"January 22, 2024 → February 2, 2024",Styles should be reminiscent of the demo versions. (Tickets%20db088820fe7744558aed42ecb8c01924/All%20User%20Stories%20ba0c981c26834983989cb3a0f8c726e2/Styles%20should%20be%20reminiscent%20of%20the%20demo%20versions%208762aae0e2c94e9e804a189615b8b389.csv),Styling (Epics%20e351f1565b2c4549b3207d8dc73bbd89/Styling%2024121aa416ea432c867110868c74cd85.csv),
Apply Styles to App Components,,Sprint 3 (Sprints%2024c5eea0891c42408474cbae47faf465/Sprint%203%20f80b67df90184bb8be29262047b699ce.csv),,"January 22, 2024 → February 2, 2024",Styles should be reminiscent of the demo versions. (Tickets%20db088820fe7744558aed42ecb8c01924/All%20User%20Stories%20ba0c981c26834983989cb3a0f8c726e2/Styles%20should%20be%20reminiscent%20of%20the%20demo%20versions%208762aae0e2c94e9e804a189615b8b389.csv),Styling (Epics%20e351f1565b2c4549b3207d8dc73bbd89/Styling%2024121aa416ea432c867110868c74cd85.csv),
Responsive Design Implementation,,Sprint 3 (Sprints%2024c5eea0891c42408474cbae47faf465/Sprint%203%20f80b67df90184bb8be29262047b699ce.csv),,"January 22, 2024 → February 2, 2024",Styles should be reminiscent of the demo versions. (Tickets%20db088820fe7744558aed42ecb8c01924/All%20User%20Stories%20ba0c981c26834983989cb3a0f8c726e2/Styles%20should%20be%20reminiscent%20of%20the%20demo%20versions%208762aae0e2c94e9e804a189615b8b389.csv),Styling (Epics%20e351f1565b2c4549b3207d8dc73bbd89/Styling%2024121aa416ea432c867110868c74cd85.csv),
Ensure the app fetches all questions from the provided API,,Sprint 3 (Sprints%2024c5eea0891c42408474cbae47faf465/Sprint%203%20f80b67df90184bb8be29262047b699ce.csv),,"January 22, 2024 → February 2, 2024",The quiz should span all questions in the question API (Tickets%20db088820fe7744558aed42ecb8c01924/All%20User%20Stories%20ba0c981c26834983989cb3a0f8c726e2/The%20quiz%20should%20span%20all%20questions%20in%20the%20question%20673e7a98f6bc47f2990bb4783f7d245c.csv),Functionality (Epics%20e351f1565b2c4549b3207d8dc73bbd89/Functionality%20c53557b2617b496d937728a8fcd3e095.csv),
Implement logic to iterate through all questions without reloading the page,,Sprint 3 (Sprints%2024c5eea0891c42408474cbae47faf465/Sprint%203%20f80b67df90184bb8be29262047b699ce.csv),,"January 22, 2024 → February 2, 2024",The quiz should span all questions in the question API (Tickets%20db088820fe7744558aed42ecb8c01924/All%20User%20Stories%20ba0c981c26834983989cb3a0f8c726e2/The%20quiz%20should%20span%20all%20questions%20in%20the%20question%20673e7a98f6bc47f2990bb4783f7d245c.csv),Functionality (Epics%20e351f1565b2c4549b3207d8dc73bbd89/Functionality%20c53557b2617b496d937728a8fcd3e095.csv),
Verify Static Nature,,Sprint 4  (Sprints%2024c5eea0891c42408474cbae47faf465/Sprint%204%2032435c49e0014b72b2d9b8c1593ce13b.csv),,"February 12, 2024 → February 16, 2024","The api is static and does not take in parameters or require a key, simply make your fetch to the above address (Tickets%20db088820fe7744558aed42ecb8c01924/All%20User%20Stories%20ba0c981c26834983989cb3a0f8c726e2/The%20api%20is%20static%20and%20does%20not%20take%20in%20parameters%20%206644235b27ce4b709aa646741b8346e7.csv)",Functionality (Epics%20e351f1565b2c4549b3207d8dc73bbd89/Functionality%20c53557b2617b496d937728a8fcd3e095.csv),
Investigate API response for subject information,,Sprint 4  (Sprints%2024c5eea0891c42408474cbae47faf465/Sprint%204%2032435c49e0014b72b2d9b8c1593ce13b.csv),,"February 12, 2024 → February 16, 2024",Include a way to sort questions by subject so that a user can answer questions specific to the subject of their choosing (Tickets%20db088820fe7744558aed42ecb8c01924/All%20User%20Stories%20ba0c981c26834983989cb3a0f8c726e2/Include%20a%20way%20to%20sort%20questions%20by%20subject%20so%20that%20bded35e5090e460b90a6c5ef7f7d581e.csv),Functionality (Epics%20e351f1565b2c4549b3207d8dc73bbd89/Functionality%20c53557b2617b496d937728a8fcd3e095.csv),
Implement sorting functionality based on subject.,,Sprint 4  (Sprints%2024c5eea0891c42408474cbae47faf465/Sprint%204%2032435c49e0014b72b2d9b8c1593ce13b.csv),,"February 12, 2024 → February 16, 2024",Include a way to sort questions by subject so that a user can answer questions specific to the subject of their choosing (Tickets%20db088820fe7744558aed42ecb8c01924/All%20User%20Stories%20ba0c981c26834983989cb3a0f8c726e2/Include%20a%20way%20to%20sort%20questions%20by%20subject%20so%20that%20bded35e5090e460b90a6c5ef7f7d581e.csv),Functionality (Epics%20e351f1565b2c4549b3207d8dc73bbd89/Functionality%20c53557b2617b496d937728a8fcd3e095.csv),
Implement backend persistence for user progress,,Sprint 4  (Sprints%2024c5eea0891c42408474cbae47faf465/Sprint%204%2032435c49e0014b72b2d9b8c1593ce13b.csv),,"February 12, 2024 → February 16, 2024",Track a user through sessions using some kind of backend persistence (Tickets%20db088820fe7744558aed42ecb8c01924/All%20User%20Stories%20ba0c981c26834983989cb3a0f8c726e2/Track%20a%20user%20through%20sessions%20using%20some%20kind%20of%20b%207d0e1488aba44c049812bafe2ef1d984.csv),Functionality (Epics%20e351f1565b2c4549b3207d8dc73bbd89/Functionality%20c53557b2617b496d937728a8fcd3e095.csv),
Develop logic to prevent repeat questions unless progress is cleared,,"Sprint 1<< (Sprints%2024c5eea0891c42408474cbae47faf465/Sprint%201%2064ad3606d2e84bacb5277fad5a2f6372.csv), Sprint 4  (Sprints%2024c5eea0891c42408474cbae47faf465/Sprint%204%2032435c49e0014b72b2d9b8c1593ce13b.csv)",,"December 29, 2023 → January 5, 2024,February 12, 2024 → February 16, 2024","Track a user through sessions using some kind of backend persistence (Tickets%20db088820fe7744558aed42ecb8c01924/All%20User%20Stories%20ba0c981c26834983989cb3a0f8c726e2/Track%20a%20user%20through%20sessions%20using%20some%20kind%20of%20b%207d0e1488aba44c049812bafe2ef1d984.csv), Place element that displays which question number the user is on and the total number of questions (Tickets%20db088820fe7744558aed42ecb8c01924/All%20User%20Stories%20ba0c981c26834983989cb3a0f8c726e2/Place%20element%20that%20displays%20which%20question%20number%20%2002e2c3a470bd496999246e74c04c1907.csv)",Functionality (Epics%20e351f1565b2c4549b3207d8dc73bbd89/Functionality%20c53557b2617b496d937728a8fcd3e095.csv),
Ensure the first question is loaded on page load,,Sprint 5 (Sprints%2024c5eea0891c42408474cbae47faf465/Sprint%205%20f16c1c2b402e402ba7440055f707b9d0.csv),,"February 21, 2024 → February 28, 2024",Load the first question and display the user's place as Question 1 / 10 (Tickets%20db088820fe7744558aed42ecb8c01924/All%20User%20Stories%20ba0c981c26834983989cb3a0f8c726e2/Load%20the%20first%20question%20and%20display%20the%20user's%20pla%209c7f6b6352fe4d189bda3d6f4b26891d.csv),Functionality (Epics%20e351f1565b2c4549b3207d8dc73bbd89/Functionality%20c53557b2617b496d937728a8fcd3e095.csv),
Display the user's place as Question 1 / 10.,,"Sprint 1<< (Sprints%2024c5eea0891c42408474cbae47faf465/Sprint%201%2064ad3606d2e84bacb5277fad5a2f6372.csv), Sprint 5 (Sprints%2024c5eea0891c42408474cbae47faf465/Sprint%205%20f16c1c2b402e402ba7440055f707b9d0.csv)",,"December 29, 2023 → January 5, 2024,February 21, 2024 → February 28, 2024","Load the first question and display the user's place as Question 1 / 10 (Tickets%20db088820fe7744558aed42ecb8c01924/All%20User%20Stories%20ba0c981c26834983989cb3a0f8c726e2/Load%20the%20first%20question%20and%20display%20the%20user's%20pla%209c7f6b6352fe4d189bda3d6f4b26891d.csv), Display buttons for advancing to the next question once the current question has been answered (Tickets%20db088820fe7744558aed42ecb8c01924/All%20User%20Stories%20ba0c981c26834983989cb3a0f8c726e2/Display%20buttons%20for%20advancing%20to%20the%20next%20question%2090b4b198a57546fc85b484d620f5cd88.csv), Place element that displays which question number the user is on and the total number of questions (Tickets%20db088820fe7744558aed42ecb8c01924/All%20User%20Stories%20ba0c981c26834983989cb3a0f8c726e2/Place%20element%20that%20displays%20which%20question%20number%20%2002e2c3a470bd496999246e74c04c1907.csv)",Functionality (Epics%20e351f1565b2c4549b3207d8dc73bbd89/Functionality%20c53557b2617b496d937728a8fcd3e095.csv),
Analyze the existing styles and identify potential causes of overflow.,,Sprint 5 (Sprints%2024c5eea0891c42408474cbae47faf465/Sprint%205%20f16c1c2b402e402ba7440055f707b9d0.csv),,"February 21, 2024 → February 28, 2024",Style the app so that it doesn't overflow the viewport (require scrolling) on any device (Tickets%20db088820fe7744558aed42ecb8c01924/All%20User%20Stories%20ba0c981c26834983989cb3a0f8c726e2/Style%20the%20app%20so%20that%20it%20doesn't%20overflow%20the%20view%2046f7f3570dd34460a0d152b171a8e283.csv),Considerations (Epics%20e351f1565b2c4549b3207d8dc73bbd89/Considerations%20ec4016d4f22947cd9d0e597323a56d97.csv),
Implement responsive design techniques to ensure no overflow on any device.,,Sprint 5 (Sprints%2024c5eea0891c42408474cbae47faf465/Sprint%205%20f16c1c2b402e402ba7440055f707b9d0.csv),,"February 21, 2024 → February 28, 2024",Style the app so that it doesn't overflow the viewport (require scrolling) on any device (Tickets%20db088820fe7744558aed42ecb8c01924/All%20User%20Stories%20ba0c981c26834983989cb3a0f8c726e2/Style%20the%20app%20so%20that%20it%20doesn't%20overflow%20the%20view%2046f7f3570dd34460a0d152b171a8e283.csv),Considerations (Epics%20e351f1565b2c4549b3207d8dc73bbd89/Considerations%20ec4016d4f22947cd9d0e597323a56d97.csv),
Test the app on various devices to validate the responsive design.,,Sprint 5 (Sprints%2024c5eea0891c42408474cbae47faf465/Sprint%205%20f16c1c2b402e402ba7440055f707b9d0.csv),,"February 21, 2024 → February 28, 2024",Style the app so that it doesn't overflow the viewport (require scrolling) on any device (Tickets%20db088820fe7744558aed42ecb8c01924/All%20User%20Stories%20ba0c981c26834983989cb3a0f8c726e2/Style%20the%20app%20so%20that%20it%20doesn't%20overflow%20the%20view%2046f7f3570dd34460a0d152b171a8e283.csv),Considerations (Epics%20e351f1565b2c4549b3207d8dc73bbd89/Considerations%20ec4016d4f22947cd9d0e597323a56d97.csv),
Conduct a usability analysis of the current design.,,Sprint 6 (Sprints%2024c5eea0891c42408474cbae47faf465/Sprint%206%2066b98543b55847cabad4d1ae4a4f80ff.csv),,"March 4, 2024 → March 8, 2024",Make sure your User Experience design is intuitive (Tickets%20db088820fe7744558aed42ecb8c01924/All%20User%20Stories%20ba0c981c26834983989cb3a0f8c726e2/Make%20sure%20your%20User%20Experience%20design%20is%20intuitive%20fa683c3ae66e49e0a1ba40b25b151db3.csv),Considerations (Epics%20e351f1565b2c4549b3207d8dc73bbd89/Considerations%20ec4016d4f22947cd9d0e597323a56d97.csv),
Implement clear and concise messages for user interactions.,,Sprint 6 (Sprints%2024c5eea0891c42408474cbae47faf465/Sprint%206%2066b98543b55847cabad4d1ae4a4f80ff.csv),,"March 4, 2024 → March 8, 2024",Make sure your User Experience design is intuitive (Tickets%20db088820fe7744558aed42ecb8c01924/All%20User%20Stories%20ba0c981c26834983989cb3a0f8c726e2/Make%20sure%20your%20User%20Experience%20design%20is%20intuitive%20fa683c3ae66e49e0a1ba40b25b151db3.csv),Considerations (Epics%20e351f1565b2c4549b3207d8dc73bbd89/Considerations%20ec4016d4f22947cd9d0e597323a56d97.csv),
Ensure buttons are visibly disabled when not applicable.,,Sprint 6 (Sprints%2024c5eea0891c42408474cbae47faf465/Sprint%206%2066b98543b55847cabad4d1ae4a4f80ff.csv),,"March 4, 2024 → March 8, 2024","Make sure your User Experience design is intuitive (Tickets%20db088820fe7744558aed42ecb8c01924/All%20User%20Stories%20ba0c981c26834983989cb3a0f8c726e2/Make%20sure%20your%20User%20Experience%20design%20is%20intuitive%20fa683c3ae66e49e0a1ba40b25b151db3.csv), Display buttons for advancing to the next question once the current question has been answered (Tickets%20db088820fe7744558aed42ecb8c01924/All%20User%20Stories%20ba0c981c26834983989cb3a0f8c726e2/Display%20buttons%20for%20advancing%20to%20the%20next%20question%2090b4b198a57546fc85b484d620f5cd88.csv)",Considerations (Epics%20e351f1565b2c4549b3207d8dc73bbd89/Considerations%20ec4016d4f22947cd9d0e597323a56d97.csv),
"Identify the breakpoint for small-sized devices (e.g., iPhone5)",,Sprint 6 (Sprints%2024c5eea0891c42408474cbae47faf465/Sprint%206%2066b98543b55847cabad4d1ae4a4f80ff.csv),,"March 4, 2024 → March 8, 2024","In the name of responsiveness: please try and have your answer buttons (or divs, or whatever you use) collapse into a column in small sizes (iPhone5, etc) (Tickets%20db088820fe7744558aed42ecb8c01924/All%20User%20Stories%20ba0c981c26834983989cb3a0f8c726e2/In%20the%20name%20of%20responsiveness%20please%20try%20and%20have%20%20b1263be755f245fcb86c79caa4212410.csv)",Considerations (Epics%20e351f1565b2c4549b3207d8dc73bbd89/Considerations%20ec4016d4f22947cd9d0e597323a56d97.csv),
Implement a responsive design for answer buttons to switch to a column layout on small devices.,,Sprint 6 (Sprints%2024c5eea0891c42408474cbae47faf465/Sprint%206%2066b98543b55847cabad4d1ae4a4f80ff.csv),,"March 4, 2024 → March 8, 2024","In the name of responsiveness: please try and have your answer buttons (or divs, or whatever you use) collapse into a column in small sizes (iPhone5, etc) (Tickets%20db088820fe7744558aed42ecb8c01924/All%20User%20Stories%20ba0c981c26834983989cb3a0f8c726e2/In%20the%20name%20of%20responsiveness%20please%20try%20and%20have%20%20b1263be755f245fcb86c79caa4212410.csv)",Considerations (Epics%20e351f1565b2c4549b3207d8dc73bbd89/Considerations%20ec4016d4f22947cd9d0e597323a56d97.csv),
Test the responsiveness on small devices to ensure a smooth user experience.,,Sprint 6 (Sprints%2024c5eea0891c42408474cbae47faf465/Sprint%206%2066b98543b55847cabad4d1ae4a4f80ff.csv),,"March 4, 2024 → March 8, 2024","In the name of responsiveness: please try and have your answer buttons (or divs, or whatever you use) collapse into a column in small sizes (iPhone5, etc) (Tickets%20db088820fe7744558aed42ecb8c01924/All%20User%20Stories%20ba0c981c26834983989cb3a0f8c726e2/In%20the%20name%20of%20responsiveness%20please%20try%20and%20have%20%20b1263be755f245fcb86c79caa4212410.csv)",Considerations (Epics%20e351f1565b2c4549b3207d8dc73bbd89/Considerations%20ec4016d4f22947cd9d0e597323a56d97.csv),
Develop functionality for navigating back to previous questions.,,Sprint 7 (Sprints%2024c5eea0891c42408474cbae47faf465/Sprint%207%20c04d105eb802485388ec07ba444fcc2e.csv),,"March 12, 2024 → March 20, 2024",Offer the user the ability to navigate to previous questions (Tickets%20db088820fe7744558aed42ecb8c01924/All%20User%20Stories%20ba0c981c26834983989cb3a0f8c726e2/Offer%20the%20user%20the%20ability%20to%20navigate%20to%20previous%2050c91a4c69954603a4bfe01382e92c4c.csv),Other/Extras (Epics%20e351f1565b2c4549b3207d8dc73bbd89/Other%20Extras%20b12dced4b62c4e9e9c3e97fcc475be8e.csv),
Ensure the user can review and potentially change previous answers,,Sprint 7 (Sprints%2024c5eea0891c42408474cbae47faf465/Sprint%207%20c04d105eb802485388ec07ba444fcc2e.csv),,"March 12, 2024 → March 20, 2024",Offer the user the ability to navigate to previous questions (Tickets%20db088820fe7744558aed42ecb8c01924/All%20User%20Stories%20ba0c981c26834983989cb3a0f8c726e2/Offer%20the%20user%20the%20ability%20to%20navigate%20to%20previous%2050c91a4c69954603a4bfe01382e92c4c.csv),Other/Extras (Epics%20e351f1565b2c4549b3207d8dc73bbd89/Other%20Extras%20b12dced4b62c4e9e9c3e97fcc475be8e.csv),
Implement a mechanism for tracking the user's progress.,,"Sprint 1<< (Sprints%2024c5eea0891c42408474cbae47faf465/Sprint%201%2064ad3606d2e84bacb5277fad5a2f6372.csv), Sprint 7 (Sprints%2024c5eea0891c42408474cbae47faf465/Sprint%207%20c04d105eb802485388ec07ba444fcc2e.csv)",,"December 29, 2023 → January 5, 2024,March 12, 2024 → March 20, 2024","Offer the user the ability to navigate to previous questions (Tickets%20db088820fe7744558aed42ecb8c01924/All%20User%20Stories%20ba0c981c26834983989cb3a0f8c726e2/Offer%20the%20user%20the%20ability%20to%20navigate%20to%20previous%2050c91a4c69954603a4bfe01382e92c4c.csv), Place element that displays which question number the user is on and the total number of questions (Tickets%20db088820fe7744558aed42ecb8c01924/All%20User%20Stories%20ba0c981c26834983989cb3a0f8c726e2/Place%20element%20that%20displays%20which%20question%20number%20%2002e2c3a470bd496999246e74c04c1907.csv)",Other/Extras (Epics%20e351f1565b2c4549b3207d8dc73bbd89/Other%20Extras%20b12dced4b62c4e9e9c3e97fcc475be8e.csv),
Research and identify different interaction formats.,,Sprint 7 (Sprints%2024c5eea0891c42408474cbae47faf465/Sprint%207%20c04d105eb802485388ec07ba444fcc2e.csv),,"March 12, 2024 → March 20, 2024","Play with formats for user interaction: drag 'n drop vs. click, etc. (Tickets%20db088820fe7744558aed42ecb8c01924/All%20User%20Stories%20ba0c981c26834983989cb3a0f8c726e2/Play%20with%20formats%20for%20user%20interaction%20drag%20'n%20dro%209d9e8ee323ac417f9e901fb023c63482.csv)",Other/Extras (Epics%20e351f1565b2c4549b3207d8dc73bbd89/Other%20Extras%20b12dced4b62c4e9e9c3e97fcc475be8e.csv),
"Implement multiple interaction formats (e.g., drag 'n drop, click) as options",,Sprint 7 (Sprints%2024c5eea0891c42408474cbae47faf465/Sprint%207%20c04d105eb802485388ec07ba444fcc2e.csv),,"March 12, 2024 → March 20, 2024","Play with formats for user interaction: drag 'n drop vs. click, etc. (Tickets%20db088820fe7744558aed42ecb8c01924/All%20User%20Stories%20ba0c981c26834983989cb3a0f8c726e2/Play%20with%20formats%20for%20user%20interaction%20drag%20'n%20dro%209d9e8ee323ac417f9e901fb023c63482.csv)",Other/Extras (Epics%20e351f1565b2c4549b3207d8dc73bbd89/Other%20Extras%20b12dced4b62c4e9e9c3e97fcc475be8e.csv),
Test the app with different interaction formats to gather user feedback.,,Sprint 7 (Sprints%2024c5eea0891c42408474cbae47faf465/Sprint%207%20c04d105eb802485388ec07ba444fcc2e.csv),,"March 12, 2024 → March 20, 2024","Play with formats for user interaction: drag 'n drop vs. click, etc. (Tickets%20db088820fe7744558aed42ecb8c01924/All%20User%20Stories%20ba0c981c26834983989cb3a0f8c726e2/Play%20with%20formats%20for%20user%20interaction%20drag%20'n%20dro%209d9e8ee323ac417f9e901fb023c63482.csv)",Other/Extras (Epics%20e351f1565b2c4549b3207d8dc73bbd89/Other%20Extras%20b12dced4b62c4e9e9c3e97fcc475be8e.csv),